#Release 14.7 - par P.20131013 (nt)
#Copyright (c) 1995-2013 Xilinx, Inc.  All rights reserved.

#Thu Jan 03 15:35:56 2019

#
## NOTE: This file is designed to be imported into a spreadsheet program
# such as Microsoft Excel for viewing, printing and sorting. The |
# character is used as the data field separator. This file is also designed
# to support parsing.
#
#INPUT FILE:       mips_map.ncd
#OUTPUT FILE:      mips_pad.csv
#PART TYPE:        xc6slx100
#SPEED GRADE:      -2
#PACKAGE:          fgg676
#
# Pinout by Pin Number:
# 
# -----,-----,-----,-----,-----,-----,-----,-----,-----,-----,-----,-----,-----,-----,-----,
Pin Number,Signal Name,Pin Usage,Pin Name,Direction,IO Standard,IO Bank Number,Drive (mA),Slew Rate,Termination,IOB Delay,Voltage,Constraint,IO Register,Signal Integrity,
A1,,,GND,,,,,,,,,,,,
A2,dip_switch5<1>,IOB,IO_L1N_VREF_0,INPUT,LVCMOS33,0,,,,NONE,,LOCATED,NO,NONE,
A3,,IOBM,IO_L1P_HSWAPEN_0,UNUSED,,0,,,,,,,,,
A4,dip_switch5<3>,IOB,IO_L2N_0,INPUT,LVCMOS33,0,,,,NONE,,LOCATED,NO,NONE,
A5,dip_switch6<1>,IOB,IO_L4N_0,INPUT,LVCMOS33,0,,,,NONE,,LOCATED,NO,NONE,
A6,dip_switch6<0>,IOB,IO_L6N_0,INPUT,LVCMOS33,0,,,,NONE,,LOCATED,NO,NONE,
A7,dip_switch6<2>,IOB,IO_L12N_0,INPUT,LVCMOS33,0,,,,NONE,,LOCATED,NO,NONE,
A8,dip_switch6<4>,IOB,IO_L16N_0,INPUT,LVCMOS33,0,,,,NONE,,LOCATED,NO,NONE,
A9,dip_switch2<7>,IOB,IO_L17N_0,INPUT,LVCMOS33,0,,,,NONE,,LOCATED,NO,NONE,
A10,led_light<19>,IOB,IO_L22N_0,OUTPUT,LVCMOS33,0,12,SLOW,,,,LOCATED,NO,NONE,
A11,led_light<18>,IOB,IO_L24N_0,OUTPUT,LVCMOS33,0,12,SLOW,,,,LOCATED,NO,NONE,
A12,dip_switch7<6>,IOB,IO_L26N_0,INPUT,LVCMOS33,0,,,,NONE,,LOCATED,NO,NONE,
A13,dip_switch7<7>,IOB,IO_L34N_GCLK18_0,INPUT,LVCMOS33,0,,,,NONE,,LOCATED,NO,NONE,
A14,dip_switch3<5>,IOB,IO_L35N_GCLK16_0,INPUT,LVCMOS33,0,,,,NONE,,LOCATED,NO,NONE,
A15,led_light<23>,IOB,IO_L37N_GCLK12_0,OUTPUT,LVCMOS33,0,12,SLOW,,,,LOCATED,NO,NONE,
A16,dip_switch3<7>,IOB,IO_L38N_VREF_0,INPUT,LVCMOS33,0,,,,NONE,,LOCATED,NO,NONE,
A17,digital_tube_sel0<1>,IOB,IO_L50N_0,OUTPUT,LVCMOS33,0,12,SLOW,,,,LOCATED,NO,NONE,
A18,digital_tube0<0>,IOB,IO_L62N_VREF_0,OUTPUT,LVCMOS33,0,12,SLOW,,,,LOCATED,NO,NONE,
A19,digital_tube1<4>,IOB,IO_L63N_SCP6_0,OUTPUT,LVCMOS33,0,12,SLOW,,,,LOCATED,NO,NONE,
A20,digital_tube1<7>,IOB,IO_L64N_SCP4_0,OUTPUT,LVCMOS33,0,12,SLOW,,,,LOCATED,NO,NONE,
A21,digital_tube2<1>,IOB,IO_L65N_SCP2_0,OUTPUT,LVCMOS33,0,12,SLOW,,,,LOCATED,NO,NONE,
A22,digital_tube2<0>,IOB,IO_L66N_SCP0_0,OUTPUT,LVCMOS33,0,12,SLOW,,,,LOCATED,NO,NONE,
A23,,IOBS,IO_L1N_A24_VREF_5,UNUSED,,5,,,,,,,,,
A24,,,TDO,,,,,,,,,,,,
A25,,IOBS,IO_L10N_M5A1_5,UNUSED,,5,,,,,,,,,
A26,,,GND,,,,,,,,,,,,
AA1,,IOBS,IO_L36N_M3DQ9_3,UNUSED,,3,,,,,,,,,
AA2,,IOBM,IO_L36P_M3DQ8_3,UNUSED,,3,,,,,,,,,
AA3,,IOBS,IO_L20N_3,UNUSED,,3,,,,,,,,,
AA4,,IOBM,IO_L20P_3,UNUSED,,3,,,,,,,,,
AA5,,IOBM,IO_L16P_3,UNUSED,,3,,,,,,,,,
AA6,,,VCCAUX,,,,,,,,2.5,,,,
AA7,,IOBM,IO_L7P_3,UNUSED,,3,,,,,,,,,
AA8,,IOBM,IO_L4P_3,UNUSED,,3,,,,,,,,,
AA9,,IOBM,IO_L61P_2,UNUSED,,2,,,,,,,,,
AA10,,,VCCAUX,,,,,,,,2.5,,,,
AA11,,IOBM,IO_L43P_2,UNUSED,,2,,,,,,,,,
AA12,,IOBM,IO_L41P_2,UNUSED,,2,,,,,,,,,
AA13,,IOBM,IO_L34P_2,UNUSED,,2,,,,,,,,,
AA14,,IOBS,IO_L28N_2,UNUSED,,2,,,,,,,,,
AA15,,IOBS,IO_L20N_2,UNUSED,,2,,,,,,,,,
AA16,,,VCCAUX,,,,,,,,2.5,,,,
AA17,,IOBS,IO_L10N_2,UNUSED,,2,,,,,,,,,
AA18,,IOBM,IO_L11P_2,UNUSED,,2,,,,,,,,,
AA19,,IOBS,IO_L6N_2,UNUSED,,2,,,,,,,,,
AA20,,,RFUSE,,,,,,,,,,,,
AA21,,,VCCAUX,,,,,,,,2.5,,,,
AA22,,IOBS,IO_L73N_1,UNUSED,,1,,,,,,,,,
AA23,,IOBM,IO_L63P_1,UNUSED,,1,,,,,,,,,
AA24,,IOBS,IO_L63N_1,UNUSED,,1,,,,,,,,,
AA25,,IOBM,IO_L51P_M1DQ12_1,UNUSED,,1,,,,,,,,,
AA26,,IOBS,IO_L51N_M1DQ13_1,UNUSED,,1,,,,,,,,,
AB1,,IOBS,IO_L32N_M3DQ15_3,UNUSED,,3,,,,,,,,,
AB2,,,GND,,,,,,,,,,,,
AB3,,IOBM,IO_L32P_M3DQ14_3,UNUSED,,3,,,,,,,,,
AB4,,IOBM,IO_L18P_3,UNUSED,,3,,,,,,,,,
AB5,,IOBS,IO_L16N_3,UNUSED,,3,,,,,,,,,
AB6,,IOBS,IO_L8N_3,UNUSED,,3,,,,,,,,,
AB7,,IOBM,IO_L8P_3,UNUSED,,3,,,,,,,,,
AB8,,IOBS,IO_L4N_3,UNUSED,,3,,,,,,,,,
AB9,,IOBS,IO_L61N_VREF_2,UNUSED,,2,,,,,,,,,
AB10,,IOBS,IO_L51N_2,UNUSED,,2,,,,,,,,,
AB11,,IOBS,IO_L43N_2,UNUSED,,2,,,,,,,,,
AB12,,,GND,,,,,,,,,,,,
AB13,,IOBS,IO_L34N_2,UNUSED,,2,,,,,,,,,
AB14,,,VCCO_2,,,2,,,,,3.30,,,,
AB15,,IOBM,IO_L19P_2,UNUSED,,2,,,,,,,,,
AB16,,,GND,,,,,,,,,,,,
AB17,,IOBM,IO_L15P_2,UNUSED,,2,,,,,,,,,
AB18,,IOBS,IO_L11N_2,UNUSED,,2,,,,,,,,,
AB19,,,VFS,,,,,,,,,,,,
AB20,,,GND,,,,,,,,,,,,
AB21,,IOBM,IO_L69P_1,UNUSED,,1,,,,,,,,,
AB22,,IOBS,IO_L69N_VREF_1,UNUSED,,1,,,,,,,,,
AB23,,,VCCO_1,,,1,,,,,any******,,,,
AB24,,IOBM,IO_L49P_M1DQ10_1,UNUSED,,1,,,,,,,,,
AB25,,,GND,,,,,,,,,,,,
AB26,,IOBS,IO_L49N_M1DQ11_1,UNUSED,,1,,,,,,,,,
AC1,,IOBS,IO_L34N_M3UDQSN_3,UNUSED,,3,,,,,,,,,
AC2,,IOBM,IO_L34P_M3UDQS_3,UNUSED,,3,,,,,,,,,
AC3,,IOBS,IO_L18N_3,UNUSED,,3,,,,,,,,,
AC4,,IOBM,IO_L3P_3,UNUSED,,3,,,,,,,,,
AC5,,IOBM,IO_L10P_3,UNUSED,,3,,,,,,,,,
AC6,,,VCCO_3,,,3,,,,,any******,,,,
AC7,,IOBM,IO_L1P_3,UNUSED,,3,,,,,,,,,
AC8,,,GND,,,,,,,,,,,,
AC9,,IOBM,IO_L58P_2,UNUSED,,2,,,,,,,,,
AC10,,,VCCO_2,,,2,,,,,3.30,,,,
AC11,,IOBM,IO_L45P_2,UNUSED,,2,,,,,,,,,
AC12,sys_rstn,IOB,IO_L41N_VREF_2,INPUT,LVCMOS33,2,,,,NONE,,LOCATED,NO,NONE,
AC13,,IOBM,IO_L31P_GCLK31_D14_2,UNUSED,,2,,,,,,,,,
AC14,,IOBS,IO_L19N_2,UNUSED,,2,,,,,,,,,
AC15,,IOBM,IO_L16P_2,UNUSED,,2,,,,,,,,,
AC16,,IOBM,IO_L17P_2,UNUSED,,2,,,,,,,,,
AC17,,IOBS,IO_L15N_2,UNUSED,,2,,,,,,,,,
AC18,,,VCCO_2,,,2,,,,,3.30,,,,
AC19,,IOBM,IO_L7P_2,UNUSED,,2,,,,,,,,,
AC20,,IOBM,IO_L5P_2,UNUSED,,2,,,,,,,,,
AC21,,,VCCO_2,,,2,,,,,3.30,,,,
AC22,,,CMPCS_B_2,,,,,,,,,,,,
AC23,,IOBM,IO_L65P_1,UNUSED,,1,,,,,,,,,
AC24,,IOBS,IO_L65N_1,UNUSED,,1,,,,,,,,,
AC25,,IOBM,IO_L50P_M1UDQS_1,UNUSED,,1,,,,,,,,,
AC26,,IOBS,IO_L50N_M1UDQSN_1,UNUSED,,1,,,,,,,,,
AD1,,IOBS,IO_L33N_M3DQ13_3,UNUSED,,3,,,,,,,,,
AD2,,,VCCO_3,,,3,,,,,any******,,,,
AD3,,IOBM,IO_L33P_M3DQ12_3,UNUSED,,3,,,,,,,,,
AD4,,IOBS,IO_L3N_3,UNUSED,,3,,,,,,,,,
AD5,,IOBS,IO_L10N_3,UNUSED,,3,,,,,,,,,
AD6,,IOBM,IO_L63P_2,UNUSED,,2,,,,,,,,,
AD7,,IOBS,IO_L1N_VREF_3,UNUSED,,3,,,,,,,,,
AD8,,IOBM,IO_L53P_2,UNUSED,,2,,,,,,,,,
AD9,,IOBS,IO_L58N_2,UNUSED,,2,,,,,,,,,
AD10,,IOBM,IO_L49P_D3_2,UNUSED,,2,,,,,,,,,
AD11,,IOBS,IO_L45N_2,UNUSED,,2,,,,,,,,,
AD12,,IOBM,IO_L32P_GCLK29_2,UNUSED,,2,,,,,,,,,
AD13,,IOBS,IO_L31N_GCLK30_D15_2,UNUSED,,2,,,,,,,,,
AD14,,IOBM,IO_L29P_GCLK3_2,UNUSED,,2,,,,,,,,,
AD15,,IOBS,IO_L16N_VREF_2,UNUSED,,2,,,,,,,,,
AD16,,IOBM,IO_L13P_M1_2,UNUSED,,2,,,,,,,,,
AD17,,IOBS,IO_L17N_2,UNUSED,,2,,,,,,,,,
AD18,,IOBM,IO_L9P_2,UNUSED,,2,,,,,,,,,
AD19,,IOBS,IO_L7N_2,UNUSED,,2,,,,,,,,,
AD20,,IOBM,IO_L3P_D0_DIN_MISO_MISO1_2,UNUSED,,2,,,,,,,,,
AD21,,IOBS,IO_L5N_2,UNUSED,,2,,,,,,,,,
AD22,,IOBM,IO_L1P_CCLK_2,UNUSED,,2,,,,,,,,,
AD23,,,SUSPEND,,,,,,,,,,,,
AD24,,IOBM,IO_L48P_HDC_M1DQ8_1,UNUSED,,1,,,,,,,,,
AD25,,,VCCO_1,,,1,,,,,any******,,,,
AD26,,IOBS,IO_L48N_M1DQ9_1,UNUSED,,1,,,,,,,,,
AE1,,IOBS,IO_L35N_M3DQ11_3,UNUSED,,3,,,,,,,,,
AE2,,IOBM,IO_L35P_M3DQ10_3,UNUSED,,3,,,,,,,,,
AE3,,IOBM,IO_L2P_3,UNUSED,,3,,,,,,,,,
AE4,,IOBM,IO_L65P_INIT_B_2,UNUSED,,2,,,,,,,,,
AE5,,IOBM,IO_L64P_D8_2,UNUSED,,2,,,,,,,,,
AE6,,,GND,,,,,,,,,,,,
AE7,,IOBM,IO_L62P_D5_2,UNUSED,,2,,,,,,,,,
AE8,,,VCCO_2,,,2,,,,,3.30,,,,
AE9,,IOBM,IO_L48P_D7_2,UNUSED,,2,,,,,,,,,
AE10,,,GND,,,,,,,,,,,,
AE11,,IOBM,IO_L47P_2,UNUSED,,2,,,,,,,,,
AE12,,,VCCO_2,,,2,,,,,3.30,,,,
AE13,,IOBM,IO_L30P_GCLK1_D13_2,UNUSED,,2,,,,,,,,,
AE14,,,GND,,,,,,,,,,,,
AE15,,IOBM,IO_L14P_D11_2,UNUSED,,2,,,,,,,,,
AE16,,,VCCO_2,,,2,,,,,3.30,,,,
AE17,,IOBM,IO_L12P_D1_MISO2_2,UNUSED,,2,,,,,,,,,
AE18,,,GND,,,,,,,,,,,,
AE19,,IOBM,IO_L4P_2,UNUSED,,2,,,,,,,,,
AE20,,,VCCO_2,,,2,,,,,3.30,,,,
AE21,uart_txd,IOB,IO_L2P_CMPCLK_2,OUTPUT,LVCMOS33,2,12,SLOW,,,,LOCATED,NO,NONE,
AE22,,,GND,,,,,,,,,,,,
AE23,,IOBM,IO_L74P_AWAKE_1,UNUSED,,1,,,,,,,,,
AE24,,IOBM,IO_L67P_1,UNUSED,,1,,,,,,,,,
AE25,,IOBM,IO_L52P_M1DQ14_1,UNUSED,,1,,,,,,,,,
AE26,,IOBS,IO_L52N_M1DQ15_1,UNUSED,,1,,,,,,,,,
AF1,,,GND,,,,,,,,,,,,
AF2,,IOBS,IO_L2N_3,UNUSED,,3,,,,,,,,,
AF3,,,PROGRAM_B_2,,,,,,,,,,,,
AF4,,IOBS,IO_L65N_CSO_B_2,UNUSED,,2,,,,,,,,,
AF5,,IOBS,IO_L64N_D9_2,UNUSED,,2,,,,,,,,,
AF6,,IOBS,IO_L63N_2,UNUSED,,2,,,,,,,,,
AF7,,IOBS,IO_L62N_D6_2,UNUSED,,2,,,,,,,,,
AF8,,IOBS,IO_L53N_2,UNUSED,,2,,,,,,,,,
AF9,,IOBS,IO_L48N_RDWR_B_VREF_2,UNUSED,,2,,,,,,,,,
AF10,,IOBS,IO_L49N_D4_2,UNUSED,,2,,,,,,,,,
AF11,,IOBS,IO_L47N_2,UNUSED,,2,,,,,,,,,
AF12,,IOBS,IO_L32N_GCLK28_2,UNUSED,,2,,,,,,,,,
AF13,clk_in,IOB,IO_L30N_GCLK0_USERCCLK_2,INPUT,LVCMOS33,2,,,,NONE,,LOCATED,NO,NONE,
AF14,,IOBS,IO_L29N_GCLK2_2,UNUSED,,2,,,,,,,,,
AF15,,IOBS,IO_L14N_D12_2,UNUSED,,2,,,,,,,,,
AF16,,IOBS,IO_L13N_D10_2,UNUSED,,2,,,,,,,,,
AF17,,IOBS,IO_L12N_D2_MISO3_2,UNUSED,,2,,,,,,,,,
AF18,,IOBS,IO_L9N_2,UNUSED,,2,,,,,,,,,
AF19,,IOBS,IO_L4N_VREF_2,UNUSED,,2,,,,,,,,,
AF20,,IOBS,IO_L3N_MOSI_CSI_B_MISO0_2,UNUSED,,2,,,,,,,,,
AF21,uart_rxd,IOB,IO_L2N_CMPMOSI_2,INPUT,LVCMOS33,2,,,,NONE,,LOCATED,NO,NONE,
AF22,,IOBS,IO_L1N_M0_CMPMISO_2,UNUSED,,2,,,,,,,,,
AF23,,,DONE_2,,,,,,,,,,,,
AF24,,IOBS,IO_L74N_DOUT_BUSY_1,UNUSED,,1,,,,,,,,,
AF25,,IOBS,IO_L67N_1,UNUSED,,1,,,,,,,,,
AF26,,,GND,,,,,,,,,,,,
B1,dip_switch1<1>,IOB,IO_L81N_M4A11_4,INPUT,LVCMOS33,4,,,,NONE,,LOCATED,NO,NONE,
B2,dip_switch1<3>,IOB,IO_L81P_M4RESET_4,INPUT,LVCMOS33,4,,,,NONE,,LOCATED,NO,NONE,
B3,,,VCCO_0,,,0,,,,,3.30,,,,
B4,dip_switch5<2>,IOB,IO_L2P_0,INPUT,LVCMOS33,0,,,,NONE,,LOCATED,NO,NONE,
B5,,,GND,,,,,,,,,,,,
B6,dip_switch2<0>,IOB,IO_L6P_0,INPUT,LVCMOS33,0,,,,NONE,,LOCATED,NO,NONE,
B7,,,VCCO_0,,,0,,,,,3.30,,,,
B8,dip_switch6<3>,IOB,IO_L16P_0,INPUT,LVCMOS33,0,,,,NONE,,LOCATED,NO,NONE,
B9,,,GND,,,,,,,,,,,,
B10,dip_switch7<1>,IOB,IO_L22P_0,INPUT,LVCMOS33,0,,,,NONE,,LOCATED,NO,NONE,
B11,,,VCCO_0,,,0,,,,,3.30,,,,
B12,digital_tube0<5>,IOB,IO_L26P_0,OUTPUT,LVCMOS33,0,12,SLOW,,,,LOCATED,NO,NONE,
B13,,,GND,,,,,,,,,,,,
B14,led_light<25>,IOB,IO_L35P_GCLK17_0,OUTPUT,LVCMOS33,0,12,SLOW,,,,LOCATED,NO,NONE,
B15,,,VCCO_0,,,0,,,,,3.30,,,,
B16,led_light<28>,IOB,IO_L38P_0,OUTPUT,LVCMOS33,0,12,SLOW,,,,LOCATED,NO,NONE,
B17,,,GND,,,,,,,,,,,,
B18,led_light<31>,IOB,IO_L62P_0,OUTPUT,LVCMOS33,0,12,SLOW,,,,LOCATED,NO,NONE,
B19,,,VCCO_0,,,0,,,,,3.30,,,,
B20,digital_tube2<6>,IOB,IO_L64P_SCP5_0,OUTPUT,LVCMOS33,0,12,SLOW,,,,LOCATED,NO,NONE,
B21,,,GND,,,,,,,,,,,,
B22,digital_tube2<2>,IOB,IO_L66P_SCP1_0,OUTPUT,LVCMOS33,0,12,SLOW,,,,LOCATED,NO,NONE,
B23,,IOBM,IO_L1P_A25_5,UNUSED,,5,,,,,,,,,
B24,,IOBM,IO_L10P_M5A0_5,UNUSED,,5,,,,,,,,,
B25,,IOBM,IO_L12P_M5A3_5,UNUSED,,5,,,,,,,,,
B26,,IOBS,IO_L12N_M5ODT_5,UNUSED,,5,,,,,,,,,
C1,dip_switch1<0>,IOB,IO_L79N_M4A9_4,INPUT,LVCMOS33,4,,,,NONE,,LOCATED,NO,NONE,
C2,dip_switch1<2>,IOB,IO_L79P_M4A8_4,INPUT,LVCMOS33,4,,,,NONE,,LOCATED,NO,NONE,
C3,dip_switch4<7>,IOB,IO_L83N_VREF_4,INPUT,LVCMOS33,4,,,,NONE,,LOCATED,NO,NONE,
C4,dip_switch5<4>,IOB,IO_L83P_4,INPUT,LVCMOS33,4,,,,NONE,,LOCATED,NO,NONE,
C5,dip_switch5<6>,IOB,IO_L4P_0,INPUT,LVCMOS33,0,,,,NONE,,LOCATED,NO,NONE,
C6,dip_switch6<5>,IOB,IO_L8N_VREF_0,INPUT,LVCMOS33,0,,,,NONE,,LOCATED,NO,NONE,
C7,dip_switch2<2>,IOB,IO_L12P_0,INPUT,LVCMOS33,0,,,,NONE,,LOCATED,NO,NONE,
C8,dip_switch2<4>,IOB,IO_L14N_0,INPUT,LVCMOS33,0,,,,NONE,,LOCATED,NO,NONE,
C9,dip_switch2<6>,IOB,IO_L17P_0,INPUT,LVCMOS33,0,,,,NONE,,LOCATED,NO,NONE,
C10,dip_switch7<3>,IOB,IO_L19N_0,INPUT,LVCMOS33,0,,,,NONE,,LOCATED,NO,NONE,
C11,dip_switch3<0>,IOB,IO_L24P_0,INPUT,LVCMOS33,0,,,,NONE,,LOCATED,NO,NONE,
C12,dip_switch7<5>,IOB,IO_L31N_0,INPUT,LVCMOS33,0,,,,NONE,,LOCATED,NO,NONE,
C13,dip_switch3<2>,IOB,IO_L34P_GCLK19_0,INPUT,LVCMOS33,0,,,,NONE,,LOCATED,NO,NONE,
C14,dip_switch3<6>,IOB,IO_L36N_GCLK14_0,INPUT,LVCMOS33,0,,,,NONE,,LOCATED,NO,NONE,
C15,digital_tube_sel0<2>,IOB,IO_L37P_GCLK13_0,OUTPUT,LVCMOS33,0,12,SLOW,,,,LOCATED,NO,NONE,
C16,led_light<30>,IOB,IO_L46N_0,OUTPUT,LVCMOS33,0,12,SLOW,,,,LOCATED,NO,NONE,
C17,digital_tube1<0>,IOB,IO_L50P_0,OUTPUT,LVCMOS33,0,12,SLOW,,,,LOCATED,NO,NONE,
C18,digital_tube0<3>,IOB,IO_L52N_0,OUTPUT,LVCMOS33,0,12,SLOW,,,,LOCATED,NO,NONE,
C19,digital_tube_sel1<1>,IOB,IO_L63P_SCP7_0,OUTPUT,LVCMOS33,0,12,SLOW,,,,LOCATED,NO,NONE,
C20,digital_tube_sel1<3>,IOB,IO_L56N_0,OUTPUT,LVCMOS33,0,12,SLOW,,,,LOCATED,NO,NONE,
C21,digital_tube1<1>,IOB,IO_L65P_SCP3_0,OUTPUT,LVCMOS33,0,12,SLOW,,,,LOCATED,NO,NONE,
C22,,,VCCO_0,,,0,,,,,3.30,,,,
C23,,,TMS,,,,,,,,,,,,
C24,,IOBS,IO_L3N_M5A11_5,UNUSED,,5,,,,,,,,,
C25,,IOBM,IO_L11P_M5CLK_5,UNUSED,,5,,,,,,,,,
C26,,IOBS,IO_L11N_M5CLKN_5,UNUSED,,5,,,,,,,,,
D1,dip_switch0<7>,IOB,IO_L68N_M4DQ5_4,INPUT,LVCMOS33,4,,,,NONE,,LOCATED,NO,NONE,
D2,,,VCCO_4,,,4,,,,,3.30,,,,
D3,user_key<7>,IOB,IO_L68P_M4DQ4_4,INPUT,LVCMOS33,4,,,,NONE,,LOCATED,NO,NONE,
D4,,,GND,,,,,,,,,,,,
D5,dip_switch5<5>,IOB,IO_L3N_0,INPUT,LVCMOS33,0,,,,NONE,,LOCATED,NO,NONE,
D6,dip_switch5<7>,IOB,IO_L8P_0,INPUT,LVCMOS33,0,,,,NONE,,LOCATED,NO,NONE,
D7,dip_switch2<1>,IOB,IO_L13N_0,INPUT,LVCMOS33,0,,,,NONE,,LOCATED,NO,NONE,
D8,dip_switch2<3>,IOB,IO_L14P_0,INPUT,LVCMOS33,0,,,,NONE,,LOCATED,NO,NONE,
D9,,,VCCO_0,,,0,,,,,3.30,,,,
D10,led_light<17>,IOB,IO_L19P_0,OUTPUT,LVCMOS33,0,12,SLOW,,,,LOCATED,NO,NONE,
D11,led_light<20>,IOB,IO_L23P_0,OUTPUT,LVCMOS33,0,12,SLOW,,,,LOCATED,NO,NONE,
D12,dip_switch3<1>,IOB,IO_L31P_0,INPUT,LVCMOS33,0,,,,NONE,,LOCATED,NO,NONE,
D13,digital_tube0<1>,IOB,IO_L33N_0,OUTPUT,LVCMOS33,0,12,SLOW,,,,LOCATED,NO,NONE,
D14,led_light<22>,IOB,IO_L36P_GCLK15_0,OUTPUT,LVCMOS33,0,12,SLOW,,,,LOCATED,NO,NONE,
D15,led_light<27>,IOB,IO_L44N_0,OUTPUT,LVCMOS33,0,12,SLOW,,,,LOCATED,NO,NONE,
D16,led_light<29>,IOB,IO_L46P_0,OUTPUT,LVCMOS33,0,12,SLOW,,,,LOCATED,NO,NONE,
D17,,,VCCO_0,,,0,,,,,3.30,,,,
D18,digital_tube0<2>,IOB,IO_L52P_0,OUTPUT,LVCMOS33,0,12,SLOW,,,,LOCATED,NO,NONE,
D19,digital_tube2<7>,IOB,IO_L54N_0,OUTPUT,LVCMOS33,0,12,SLOW,,,,LOCATED,NO,NONE,
D20,digital_tube2<4>,IOB,IO_L58N_0,OUTPUT,LVCMOS33,0,12,SLOW,,,,LOCATED,NO,NONE,
D21,digital_tube2<5>,IOB,IO_L56P_0,OUTPUT,LVCMOS33,0,12,SLOW,,,,LOCATED,NO,NONE,
D22,,IOBS,IO_L4N_M5A12_5,UNUSED,,5,,,,,,,,,
D23,,IOBM,IO_L3P_M5RESET_5,UNUSED,,5,,,,,,,,,
D24,,IOBM,IO_L17P_M5DQ6_5,UNUSED,,5,,,,,,,,,
D25,,,VCCO_5,,,5,,,,,any******,,,,
D26,,IOBS,IO_L17N_M5DQ7_5,UNUSED,,5,,,,,,,,,
E1,dip_switch0<5>,IOB,IO_L67N_M4DQ7_4,INPUT,LVCMOS33,4,,,,NONE,,LOCATED,NO,NONE,
E2,dip_switch4<3>,IOB,IO_L67P_M4DQ6_4,INPUT,LVCMOS33,4,,,,NONE,,LOCATED,NO,NONE,
E3,dip_switch0<6>,IOB,IO_L77N_M4BA2_4,INPUT,LVCMOS33,4,,,,NONE,,LOCATED,NO,NONE,
E4,dip_switch1<4>,IOB,IO_L77P_M4WE_4,INPUT,LVCMOS33,4,,,,NONE,,LOCATED,NO,NONE,
E5,dip_switch5<0>,IOB,IO_L80N_M4A12_4,INPUT,LVCMOS33,4,,,,NONE,,LOCATED,NO,NONE,
E6,dip_switch1<6>,IOB,IO_L3P_0,INPUT,LVCMOS33,0,,,,NONE,,LOCATED,NO,NONE,
E7,,,GND,,,,,,,,,,,,
E8,,IOBM,IO_L13P_0,UNUSED,,0,,,,,,,,,
E9,led_light<16>,IOB,IO_L15N_0,OUTPUT,LVCMOS33,0,12,SLOW,,,,LOCATED,NO,NONE,
E10,led_light<21>,IOB,IO_L18P_0,OUTPUT,LVCMOS33,0,12,SLOW,,,,LOCATED,NO,NONE,
E11,,,GND,,,,,,,,,,,,
E12,,,NC,,,,,,,,,,,,
E13,,,VCCO_0,,,0,,,,,3.30,,,,
E14,dip_switch3<4>,IOB,IO_L44P_0,INPUT,LVCMOS33,0,,,,NONE,,LOCATED,NO,NONE,
E15,,,GND,,,,,,,,,,,,
E16,digital_tube_sel0<0>,IOB,IO_L49N_0,OUTPUT,LVCMOS33,0,12,SLOW,,,,LOCATED,NO,NONE,
E17,digital_tube0<7>,IOB,IO_L48N_0,OUTPUT,LVCMOS33,0,12,SLOW,,,,LOCATED,NO,NONE,
E18,digital_tube1<2>,IOB,IO_L57N_0,OUTPUT,LVCMOS33,0,12,SLOW,,,,LOCATED,NO,NONE,
E19,digital_tube1<6>,IOB,IO_L54P_0,OUTPUT,LVCMOS33,0,12,SLOW,,,,LOCATED,NO,NONE,
E20,digital_tube1<5>,IOB,IO_L58P_0,OUTPUT,LVCMOS33,0,12,SLOW,,,,LOCATED,NO,NONE,
E21,,,TCK,,,,,,,,,,,,
E22,,,GND,,,,,,,,,,,,
E23,,IOBM,IO_L7P_M5WE_5,UNUSED,,5,,,,,,,,,
E24,,IOBS,IO_L7N_M5BA2_5,UNUSED,,5,,,,,,,,,
E25,,IOBM,IO_L16P_M5DQ4_5,UNUSED,,5,,,,,,,,,
E26,,IOBS,IO_L16N_M5DQ5_5,UNUSED,,5,,,,,,,,,
F1,dip_switch0<3>,IOB,IO_L66N_M4LDQSN_4,INPUT,LVCMOS33,4,,,,NONE,,LOCATED,NO,NONE,
F2,,,GND,,,,,,,,,,,,
F3,dip_switch0<4>,IOB,IO_L66P_M4LDQS_4,INPUT,LVCMOS33,4,,,,NONE,,LOCATED,NO,NONE,
F4,,,VCCO_4,,,4,,,,,3.30,,,,
F5,dip_switch4<5>,IOB,IO_L80P_M4CKE_4,INPUT,LVCMOS33,4,,,,NONE,,LOCATED,NO,NONE,
F6,,,VCCAUX,,,,,,,,2.5,,,,
F7,,IOBS,IO_L5N_0,UNUSED,,0,,,,,,,,,
F8,,,NC,,,,,,,,,,,,
F9,dip_switch7<0>,IOB,IO_L15P_0,INPUT,LVCMOS33,0,,,,NONE,,LOCATED,NO,NONE,
F10,dip_switch7<2>,IOB,IO_L18N_0,INPUT,LVCMOS33,0,,,,NONE,,LOCATED,NO,NONE,
F11,dip_switch7<4>,IOB,IO_L23N_0,INPUT,LVCMOS33,0,,,,NONE,,LOCATED,NO,NONE,
F12,,,NC,,,,,,,,,,,,
F13,dip_switch3<3>,IOB,IO_L33P_0,INPUT,LVCMOS33,0,,,,NONE,,LOCATED,NO,NONE,
F14,,,NC,,,,,,,,,,,,
F15,led_light<26>,IOB,IO_L47N_0,OUTPUT,LVCMOS33,0,12,SLOW,,,,LOCATED,NO,NONE,
F16,digital_tube0<4>,IOB,IO_L49P_0,OUTPUT,LVCMOS33,0,12,SLOW,,,,LOCATED,NO,NONE,
F17,digital_tube1<3>,IOB,IO_L48P_0,OUTPUT,LVCMOS33,0,12,SLOW,,,,LOCATED,NO,NONE,
F18,digital_tube_sel1<2>,IOB,IO_L57P_0,OUTPUT,LVCMOS33,0,12,SLOW,,,,LOCATED,NO,NONE,
F19,,,GND,,,,,,,,,,,,
F20,,,TDI,,,,,,,,,,,,
F21,,,VCCAUX,,,,,,,,2.5,,,,
F22,,IOBM,IO_L4P_M5CKE_5,UNUSED,,5,,,,,,,,,
F23,,,VCCO_5,,,5,,,,,any******,,,,
F24,,IOBM,IO_L18P_M5LDQS_5,UNUSED,,5,,,,,,,,,
F25,,,GND,,,,,,,,,,,,
F26,,IOBS,IO_L18N_M5LDQSN_5,UNUSED,,5,,,,,,,,,
G1,dip_switch4<0>,IOB,IO_L65N_M4DQ3_4,INPUT,LVCMOS33,4,,,,NONE,,LOCATED,NO,NONE,
G2,dip_switch4<1>,IOB,IO_L65P_M4DQ2_4,INPUT,LVCMOS33,4,,,,NONE,,LOCATED,NO,NONE,
G3,dip_switch0<2>,IOB,IO_L73N_M4CLKN_4,INPUT,LVCMOS33,4,,,,NONE,,LOCATED,NO,NONE,
G4,dip_switch4<2>,IOB,IO_L73P_M4CLK_4,INPUT,LVCMOS33,4,,,,NONE,,LOCATED,NO,NONE,
G5,dip_switch1<5>,IOB,IO_L78N_M4A4_4,INPUT,LVCMOS33,4,,,,NONE,,LOCATED,NO,NONE,
G6,dip_switch1<7>,IOB,IO_L78P_M4A10_4,INPUT,LVCMOS33,4,,,,NONE,,LOCATED,NO,NONE,
G7,dip_switch6<6>,IOB,IO_L82N_M4A14_4,INPUT,LVCMOS33,4,,,,NONE,,LOCATED,NO,NONE,
G8,dip_switch2<5>,IOB,IO_L5P_0,INPUT,LVCMOS33,0,,,,NONE,,LOCATED,NO,NONE,
G9,,,NC,,,,,,,,,,,,
G10,,,VCCO_0,,,0,,,,,3.30,,,,
G11,,,NC,,,,,,,,,,,,
G12,,,VCCAUX,,,,,,,,2.5,,,,
G13,,,NC,,,,,,,,,,,,
G14,digital_tube_sel0<3>,IOB,IO_L43N_0,OUTPUT,LVCMOS33,0,12,SLOW,,,,LOCATED,NO,NONE,
G15,,,VCCAUX,,,,,,,,2.5,,,,
G16,led_light<24>,IOB,IO_L47P_0,OUTPUT,LVCMOS33,0,12,SLOW,,,,LOCATED,NO,NONE,
G17,digital_tube_sel1<0>,IOB,IO_L55N_0,OUTPUT,LVCMOS33,0,12,SLOW,,,,LOCATED,NO,NONE,
G18,,,VCCO_0,,,0,,,,,3.30,,,,
G19,,IOBS,IO_L9N_M5BA1_5,UNUSED,,5,,,,,,,,,
G20,,IOBM,IO_L2P_M5A13_5,UNUSED,,5,,,,,,,,,
G21,,IOBS,IO_L2N_M5A14_5,UNUSED,,5,,,,,,,,,
G22,,IOBS,IO_L6N_M5A4_5,UNUSED,,5,,,,,,,,,
G23,,IOBM,IO_L8P_M5A7_5,UNUSED,,5,,,,,,,,,
G24,,IOBS,IO_L8N_M5A2_5,UNUSED,,5,,,,,,,,,
G25,,IOBM,IO_L20P_M5DQ0_5,UNUSED,,5,,,,,,,,,
G26,,IOBS,IO_L20N_M5DQ1_5,UNUSED,,5,,,,,,,,,
H1,led_light<15>,IOB,IO_L64N_M4DQ1_4,OUTPUT,LVCMOS33,4,12,SLOW,,,,LOCATED,NO,NONE,
H2,,,VCCO_4,,,4,,,,,3.30,,,,
H3,dip_switch0<0>,IOB,IO_L64P_M4DQ0_4,INPUT,LVCMOS33,4,,,,NONE,,LOCATED,NO,NONE,
H4,,,GND,,,,,,,,,,,,
H5,led_light<14>,IOB,IO_L75N_M4BA1_4,OUTPUT,LVCMOS33,4,12,SLOW,,,,LOCATED,NO,NONE,
H6,dip_switch4<4>,IOB,IO_L75P_M4BA0_4,INPUT,LVCMOS33,4,,,,NONE,,LOCATED,NO,NONE,
H7,dip_switch0<1>,IOB,IO_L72N_M4ODT_4,INPUT,LVCMOS33,4,,,,NONE,,LOCATED,NO,NONE,
H8,dip_switch4<6>,IOB,IO_L82P_M4A13_4,INPUT,LVCMOS33,4,,,,NONE,,LOCATED,NO,NONE,
H9,,,NC,,,,,,,,,,,,
H10,,,NC,,,,,,,,,,,,
H11,,,GND,,,,,,,,,,,,
H12,,,NC,,,,,,,,,,,,
H13,,,NC,,,,,,,,,,,,
H14,,,VCCO_0,,,0,,,,,3.30,,,,
H15,digital_tube2<3>,IOB,IO_L51N_0,OUTPUT,LVCMOS33,0,12,SLOW,,,,LOCATED,NO,NONE,
H16,,IOBM,IO_L55P_0,UNUSED,,0,,,,,,,,,
H17,,IOBS,IO_L59N_0,UNUSED,,0,,,,,,,,,
H18,,IOBM,IO_L9P_M5BA0_5,UNUSED,,5,,,,,,,,,
H19,,IOBM,IO_L27P_5,UNUSED,,5,,,,,,,,,
H20,,IOBM,IO_L5P_M5A8_5,UNUSED,,5,,,,,,,,,
H21,,IOBS,IO_L5N_M5A9_5,UNUSED,,5,,,,,,,,,
H22,,IOBM,IO_L6P_M5A10_5,UNUSED,,5,,,,,,,,,
H23,,,GND,,,,,,,,,,,,
H24,,IOBM,IO_L19P_M5DQ2_5,UNUSED,,5,,,,,,,,,
H25,,,VCCO_5,,,5,,,,,any******,,,,
H26,,IOBS,IO_L19N_M5DQ3_5,UNUSED,,5,,,,,,,,,
J1,user_key<5>,IOB,IO_L63N_M4DQ9_4,INPUT,LVCMOS33,4,,,,NONE,,LOCATED,NO,NONE,
J2,led_light<13>,IOB,IO_L63P_M4DQ8_4,OUTPUT,LVCMOS33,4,12,SLOW,,,,LOCATED,NO,NONE,
J3,led_light<11>,IOB,IO_L69N_M4LDM_4,OUTPUT,LVCMOS33,4,12,SLOW,,,,LOCATED,NO,NONE,
J4,led_light<10>,IOB,IO_L69P_M4UDM_4,OUTPUT,LVCMOS33,4,12,SLOW,,,,LOCATED,NO,NONE,
J5,led_light<12>,IOB,IO_L71N_M4A6_4,OUTPUT,LVCMOS33,4,12,SLOW,,,,LOCATED,NO,NONE,
J6,,,VCCO_4,,,4,,,,,3.30,,,,
J7,user_key<6>,IOB,IO_L72P_M4A3_4,INPUT,LVCMOS33,4,,,,NONE,,LOCATED,NO,NONE,
J8,,,GND,,,,,,,,,,,,
J9,,,VCCAUX,,,,,,,,2.5,,,,
J10,dip_switch6<7>,IOB,IO_L76P_M4A7_4,INPUT,LVCMOS33,4,,,,NONE,,LOCATED,NO,NONE,
J11,,,NC,,,,,,,,,,,,
J12,,,NC,,,,,,,,,,,,
J13,,,NC,,,,,,,,,,,,
J14,digital_tube0<6>,IOB,IO_L43P_0,OUTPUT,LVCMOS33,0,12,SLOW,,,,LOCATED,NO,NONE,
J15,,IOBM,IO_L51P_0,UNUSED,,0,,,,,,,,,
J16,,,NC,,,,,,,,,,,,
J17,digital_tube_sel2,IOB,IO_L59P_0,OUTPUT,LVCMOS33,0,12,SLOW,,,,LOCATED,NO,NONE,
J18,,,VCCAUX,,,,,,,,2.5,,,,
J19,,,GND,,,,,,,,,,,,
J20,,IOBS,IO_L27N_5,UNUSED,,5,,,,,,,,,
J21,,,VCCO_5,,,5,,,,,any******,,,,
J22,,IOBS,IO_L14N_M5CASN_5,UNUSED,,5,,,,,,,,,
J23,,IOBM,IO_L15P_M5UDM_5,UNUSED,,5,,,,,,,,,
J24,,IOBS,IO_L15N_M5LDM_5,UNUSED,,5,,,,,,,,,
J25,,IOBM,IO_L22P_M5DQ10_5,UNUSED,,5,,,,,,,,,
J26,,IOBS,IO_L22N_M5DQ11_5,UNUSED,,5,,,,,,,,,
K1,user_key<4>,IOB,IO_L62N_M4DQ11_4,INPUT,LVCMOS33,4,,,,NONE,,LOCATED,NO,NONE,
K2,,,GND,,,,,,,,,,,,
K3,led_light<9>,IOB,IO_L62P_M4DQ10_4,OUTPUT,LVCMOS33,4,12,SLOW,,,,LOCATED,NO,NONE,
K4,,,VCCO_4,,,4,,,,,3.30,,,,
K5,user_key<0>,IOB,IO_L71P_M4A5_4,INPUT,LVCMOS33,4,,,,NONE,,LOCATED,NO,NONE,
K6,led_light<8>,IOB,IO_L70N_M4CASN_4,OUTPUT,LVCMOS33,4,12,SLOW,,,,LOCATED,NO,NONE,
K7,led_light<7>,IOB,IO_L70P_M4RASN_4,OUTPUT,LVCMOS33,4,12,SLOW,,,,LOCATED,NO,NONE,
K8,user_key<1>,IOB,IO_L58P_4,INPUT,LVCMOS33,4,,,,NONE,,LOCATED,NO,NONE,
K9,led_light<1>,IOB,IO_L76N_M4A2_4,OUTPUT,LVCMOS33,4,12,SLOW,,,,LOCATED,NO,NONE,
K10,,IOBM,IO_L74P_M4A0_4,UNUSED,,4,,,,,,,,,
K11,,,VCCINT,,,,,,,,1.2,,,,
K12,,,NC,,,,,,,,,,,,
K13,,,VCCAUX,,,,,,,,2.5,,,,
K14,,,NC,,,,,,,,,,,,
K15,,,NC,,,,,,,,,,,,
K16,,,GND,,,,,,,,,,,,
K17,,,VCCINT,,,,,,,,1.2,,,,
K18,,IOBS,IO_L32N_A16_M1A9_1,UNUSED,,1,,,,,,,,,
K19,,IOBS,IO_L28N_VREF_1,UNUSED,,1,,,,,,,,,
K20,,IOBM,IO_L13P_M5A5_5,UNUSED,,5,,,,,,,,,
K21,,IOBS,IO_L13N_M5A6_5,UNUSED,,5,,,,,,,,,
K22,,IOBM,IO_L14P_M5RASN_5,UNUSED,,5,,,,,,,,,
K23,,,VCCO_5,,,5,,,,,any******,,,,
K24,,IOBM,IO_L21P_M5DQ8_5,UNUSED,,5,,,,,,,,,
K25,,,GND,,,,,,,,,,,,
K26,,IOBS,IO_L21N_M5DQ9_5,UNUSED,,5,,,,,,,,,
L1,user_key<2>,IOB,IO_L61N_M4UDQSN_4,INPUT,LVCMOS33,4,,,,NONE,,LOCATED,NO,NONE,
L2,user_key<3>,IOB,IO_L61P_M4UDQS_4,INPUT,LVCMOS33,4,,,,NONE,,LOCATED,NO,NONE,
L3,,IOBS,IO_L54N_M3A11_3,UNUSED,,3,,,,,,,,,
L4,,IOBM,IO_L54P_M3RESET_3,UNUSED,,3,,,,,,,,,
L5,,,VCCAUX,,,,,,,,2.5,,,,
L6,,IOBS,IO_L57N_VREF_3,UNUSED,,3,,,,,,,,,
L7,,IOBM,IO_L57P_3,UNUSED,,3,,,,,,,,,
L8,led_light<6>,IOB,IO_L58N_VREF_4,OUTPUT,LVCMOS33,4,12,SLOW,,,,LOCATED,NO,NONE,
L9,led_light<0>,IOB,IO_L74N_M4A1_4,OUTPUT,LVCMOS33,4,12,SLOW,,,,LOCATED,NO,NONE,
L10,,,VCCINT,,,,,,,,1.2,,,,
L11,,,GND,,,,,,,,,,,,
L12,,,VCCINT,,,,,,,,1.2,,,,
L13,,,GND,,,,,,,,,,,,
L14,,,VCCINT,,,,,,,,1.2,,,,
L15,,,GND,,,,,,,,,,,,
L16,,,VCCINT,,,,,,,,1.2,,,,
L17,,IOBM,IO_L32P_A17_M1A8_1,UNUSED,,1,,,,,,,,,
L18,,IOBS,IO_L34N_A12_M1BA2_1,UNUSED,,1,,,,,,,,,
L19,,IOBM,IO_L28P_1,UNUSED,,1,,,,,,,,,
L20,,IOBM,IO_L26P_5,UNUSED,,5,,,,,,,,,
L21,,IOBS,IO_L26N_VREF_5,UNUSED,,5,,,,,,,,,
L22,,,VCCAUX,,,,,,,,2.5,,,,
L23,,IOBM,IO_L29P_A23_M1A13_1,UNUSED,,1,,,,,,,,,
L24,,IOBS,IO_L29N_A22_M1A14_1,UNUSED,,1,,,,,,,,,
L25,,IOBM,IO_L24P_M5DQ12_5,UNUSED,,5,,,,,,,,,
L26,,IOBS,IO_L24N_M5DQ13_5,UNUSED,,5,,,,,,,,,
M1,led_light<4>,IOB,IO_L60N_M4DQ13_4,OUTPUT,LVCMOS33,4,12,SLOW,,,,LOCATED,NO,NONE,
M2,,,VCCO_4,,,4,,,,,3.30,,,,
M3,led_light<5>,IOB,IO_L60P_M4DQ12_4,OUTPUT,LVCMOS33,4,12,SLOW,,,,LOCATED,NO,NONE,
M4,,IOBS,IO_L55N_M3A14_3,UNUSED,,3,,,,,,,,,
M5,,,GND,,,,,,,,,,,,
M6,,IOBM,IO_L55P_M3A13_3,UNUSED,,3,,,,,,,,,
M7,,,VCCO_3,,,3,,,,,any******,,,,
M8,,IOBS,IO_L53N_M3A12_3,UNUSED,,3,,,,,,,,,
M9,,IOBM,IO_L53P_M3CKE_3,UNUSED,,3,,,,,,,,,
M10,,IOBM,IO_L51P_M3A10_3,UNUSED,,3,,,,,,,,,
M11,,,VCCINT,,,,,,,,1.2,,,,
M12,,,GND,,,,,,,,,,,,
M13,,,VCCINT,,,,,,,,1.2,,,,
M14,,,GND,,,,,,,,,,,,
M15,,,VCCINT,,,,,,,,1.2,,,,
M16,,,GND,,,,,,,,,,,,
M17,,,VCCAUX,,,,,,,,2.5,,,,
M18,,IOBM,IO_L36P_A9_M1BA0_1,UNUSED,,1,,,,,,,,,
M19,,IOBM,IO_L34P_A13_M1WE_1,UNUSED,,1,,,,,,,,,
M20,,,VCCO_1,,,1,,,,,any******,,,,
M21,,IOBS,IO_L40N_GCLK10_M1A6_1,UNUSED,,1,,,,,,,,,
M22,,,GND,,,,,,,,,,,,
M23,,IOBM,IO_L31P_A19_M1CKE_1,UNUSED,,1,,,,,,,,,
M24,,IOBM,IO_L23P_M5UDQS_5,UNUSED,,5,,,,,,,,,
M25,,,VCCO_5,,,5,,,,,any******,,,,
M26,,IOBS,IO_L23N_M5UDQSN_5,UNUSED,,5,,,,,,,,,
N1,led_light<2>,IOB,IO_L59N_M4DQ15_4,OUTPUT,LVCMOS33,4,12,SLOW,,,,LOCATED,NO,NONE,
N2,led_light<3>,IOB,IO_L59P_M4DQ14_4,OUTPUT,LVCMOS33,4,12,SLOW,,,,LOCATED,NO,NONE,
N3,,IOBS,IO_L52N_M3A9_3,UNUSED,,3,,,,,,,,,
N4,,IOBM,IO_L52P_M3A8_3,UNUSED,,3,,,,,,,,,
N5,,IOBS,IO_L50N_M3BA2_3,UNUSED,,3,,,,,,,,,
N6,,IOBS,IO_L47N_M3A1_3,UNUSED,,3,,,,,,,,,
N7,,IOBM,IO_L47P_M3A0_3,UNUSED,,3,,,,,,,,,
N8,,IOBM,IO_L43P_GCLK23_M3RASN_3,UNUSED,,3,,,,,,,,,
N9,,IOBS,IO_L51N_M3A4_3,UNUSED,,3,,,,,,,,,
N10,,,VCCAUX,,,,,,,,2.5,,,,
N11,,,GND,,,,,,,,,,,,
N12,,,VCCINT,,,,,,,,1.2,,,,
N13,,,GND,,,,,,,,,,,,
N14,,,VCCINT,,,,,,,,1.2,,,,
N15,,,GND,,,,,,,,,,,,
N16,,,VCCINT,,,,,,,,1.2,,,,
N17,,IOBM,IO_L38P_A5_M1CLK_1,UNUSED,,1,,,,,,,,,
N18,,IOBS,IO_L38N_A4_M1CLKN_1,UNUSED,,1,,,,,,,,,
N19,,IOBS,IO_L36N_A8_M1BA1_1,UNUSED,,1,,,,,,,,,
N20,,IOBM,IO_L40P_GCLK11_M1A5_1,UNUSED,,1,,,,,,,,,
N21,,IOBS,IO_L30N_A20_M1A11_1,UNUSED,,1,,,,,,,,,
N22,,IOBM,IO_L37P_A7_M1A0_1,UNUSED,,1,,,,,,,,,
N23,,IOBS,IO_L37N_A6_M1A1_1,UNUSED,,1,,,,,,,,,
N24,,IOBS,IO_L31N_A18_M1A12_1,UNUSED,,1,,,,,,,,,
N25,,IOBM,IO_L25P_M5DQ14_5,UNUSED,,5,,,,,,,,,
N26,,IOBS,IO_L25N_M5DQ15_5,UNUSED,,5,,,,,,,,,
P1,,IOBS,IO_L48N_M3BA1_3,UNUSED,,3,,,,,,,,,
P2,,,GND,,,,,,,,,,,,
P3,,IOBM,IO_L48P_M3BA0_3,UNUSED,,3,,,,,,,,,
P4,,,VCCO_3,,,3,,,,,any******,,,,
P5,,IOBM,IO_L50P_M3WE_3,UNUSED,,3,,,,,,,,,
P6,,IOBS,IO_L45N_M3ODT_3,UNUSED,,3,,,,,,,,,
P7,,IOBM,IO_L45P_M3A3_3,UNUSED,,3,,,,,,,,,
P8,,IOBS,IO_L43N_GCLK22_IRDY2_M3CASN_3,UNUSED,,3,,,,,,,,,
P9,,,VCCO_3,,,3,,,,,any******,,,,
P10,,IOBM,IO_L49P_M3A7_3,UNUSED,,3,,,,,,,,,
P11,,,VCCINT,,,,,,,,1.2,,,,
P12,,,GND,,,,,,,,,,,,
P13,,,VCCINT,,,,,,,,1.2,,,,
P14,,,GND,,,,,,,,,,,,
P15,,,VCCINT,,,,,,,,1.2,,,,
P16,,,GND,,,,,,,,,,,,
P17,,IOBM,IO_L56P_1,UNUSED,,1,,,,,,,,,
P18,,IOBS,IO_L56N_1,UNUSED,,1,,,,,,,,,
P19,,,GND,,,,,,,,,,,,
P20,,IOBM,IO_L30P_A21_M1RESET_1,UNUSED,,1,,,,,,,,,
P21,,IOBM,IO_L41P_GCLK9_IRDY1_M1RASN_1,UNUSED,,1,,,,,,,,,
P22,,IOBS,IO_L41N_GCLK8_M1CASN_1,UNUSED,,1,,,,,,,,,
P23,,,VCCO_1,,,1,,,,,any******,,,,
P24,,IOBM,IO_L33P_A15_M1A10_1,UNUSED,,1,,,,,,,,,
P25,,,GND,,,,,,,,,,,,
P26,,IOBS,IO_L33N_A14_M1A4_1,UNUSED,,1,,,,,,,,,
R1,,IOBS,IO_L44N_GCLK20_M3A6_3,UNUSED,,3,,,,,,,,,
R2,,IOBM,IO_L44P_GCLK21_M3A5_3,UNUSED,,3,,,,,,,,,
R3,,IOBS,IO_L46N_M3CLKN_3,UNUSED,,3,,,,,,,,,
R4,,IOBM,IO_L46P_M3CLK_3,UNUSED,,3,,,,,,,,,
R5,,IOBM,IO_L30P_3,UNUSED,,3,,,,,,,,,
R6,,IOBS,IO_L31N_VREF_3,UNUSED,,3,,,,,,,,,
R7,,IOBM,IO_L31P_3,UNUSED,,3,,,,,,,,,
R8,,,GND,,,,,,,,,,,,
R9,,IOBS,IO_L49N_M3A2_3,UNUSED,,3,,,,,,,,,
R10,,IOBM,IO_L27P_3,UNUSED,,3,,,,,,,,,
R11,,,GND,,,,,,,,,,,,
R12,,,VCCINT,,,,,,,,1.2,,,,
R13,,,GND,,,,,,,,,,,,
R14,,,VCCINT,,,,,,,,1.2,,,,
R15,,,GND,,,,,,,,,,,,
R16,,,VCCINT,,,,,,,,1.2,,,,
R17,,IOBM,IO_L58P_1,UNUSED,,1,,,,,,,,,
R18,,IOBS,IO_L58N_1,UNUSED,,1,,,,,,,,,
R19,,IOBS,IO_L57N_1,UNUSED,,1,,,,,,,,,
R20,,IOBM,IO_L57P_1,UNUSED,,1,,,,,,,,,
R21,,IOBS,IO_L55N_1,UNUSED,,1,,,,,,,,,
R22,,IOBM,IO_L55P_1,UNUSED,,1,,,,,,,,,
R23,,IOBM,IO_L39P_M1A3_1,UNUSED,,1,,,,,,,,,
R24,,IOBS,IO_L39N_M1ODT_1,UNUSED,,1,,,,,,,,,
R25,,IOBM,IO_L35P_A11_M1A7_1,UNUSED,,1,,,,,,,,,
R26,,IOBS,IO_L35N_A10_M1A2_1,UNUSED,,1,,,,,,,,,
T1,,IOBS,IO_L41N_GCLK26_M3DQ5_3,UNUSED,,3,,,,,,,,,
T2,,,VCCO_3,,,3,,,,,any******,,,,
T3,,IOBM,IO_L41P_GCLK27_M3DQ4_3,UNUSED,,3,,,,,,,,,
T4,,IOBS,IO_L30N_3,UNUSED,,3,,,,,,,,,
T5,,,GND,,,,,,,,,,,,
T6,,IOBS,IO_L29N_3,UNUSED,,3,,,,,,,,,
T7,,,VCCO_3,,,3,,,,,any******,,,,
T8,,IOBM,IO_L29P_3,UNUSED,,3,,,,,,,,,
T9,,IOBS,IO_L27N_3,UNUSED,,3,,,,,,,,,
T10,,IOBM,IO_L25P_3,UNUSED,,3,,,,,,,,,
T11,,,VCCINT,,,,,,,,1.2,,,,
T12,,,GND,,,,,,,,,,,,
T13,,,VCCINT,,,,,,,,1.2,,,,
T14,,,GND,,,,,,,,,,,,
T15,,,VCCINT,,,,,,,,1.2,,,,
T16,,,GND,,,,,,,,,,,,
T17,,,VCCINT,,,,,,,,1.2,,,,
T18,,IOBM,IO_L60P_1,UNUSED,,1,,,,,,,,,
T19,,IOBS,IO_L60N_1,UNUSED,,1,,,,,,,,,
T20,,IOBM,IO_L64P_1,UNUSED,,1,,,,,,,,,
T21,,,GND,,,,,,,,,,,,
T22,,IOBM,IO_L59P_1,UNUSED,,1,,,,,,,,,
T23,,IOBM,IO_L53P_1,UNUSED,,1,,,,,,,,,
T24,,IOBM,IO_L46P_FCS_B_M1DQ2_1,UNUSED,,1,,,,,,,,,
T25,,,VCCO_1,,,1,,,,,any******,,,,
T26,,IOBS,IO_L46N_FOE_B_M1DQ3_1,UNUSED,,1,,,,,,,,,
U1,,IOBS,IO_L40N_M3DQ7_3,UNUSED,,3,,,,,,,,,
U2,,IOBM,IO_L40P_M3DQ6_3,UNUSED,,3,,,,,,,,,
U3,,IOBS,IO_L28N_3,UNUSED,,3,,,,,,,,,
U4,,IOBM,IO_L28P_3,UNUSED,,3,,,,,,,,,
U5,,IOBM,IO_L24P_3,UNUSED,,3,,,,,,,,,
U6,,,VCCAUX,,,,,,,,2.5,,,,
U7,,IOBS,IO_L23N_3,UNUSED,,3,,,,,,,,,
U8,,IOBM,IO_L23P_3,UNUSED,,3,,,,,,,,,
U9,,IOBS,IO_L25N_3,UNUSED,,3,,,,,,,,,
U10,,,VCCINT,,,,,,,,1.2,,,,
U11,,,GND,,,,,,,,,,,,
U12,,IOBS,IO_L50N_2,UNUSED,,2,,,,,,,,,
U13,,IOBM,IO_L50P_2,UNUSED,,2,,,,,,,,,
U14,,,VCCAUX,,,,,,,,2.5,,,,
U15,,IOBM,IO_L42P_2,UNUSED,,2,,,,,,,,,
U16,,,VCCINT,,,,,,,,1.2,,,,
U17,,IOBM,IO_L62P_1,UNUSED,,1,,,,,,,,,
U18,,,VCCO_1,,,1,,,,,any******,,,,
U19,,IOBM,IO_L70P_1,UNUSED,,1,,,,,,,,,
U20,,IOBS,IO_L64N_1,UNUSED,,1,,,,,,,,,
U21,,IOBM,IO_L61P_1,UNUSED,,1,,,,,,,,,
U22,,IOBS,IO_L61N_1,UNUSED,,1,,,,,,,,,
U23,,IOBS,IO_L59N_1,UNUSED,,1,,,,,,,,,
U24,,IOBS,IO_L53N_VREF_1,UNUSED,,1,,,,,,,,,
U25,,IOBM,IO_L43P_GCLK5_M1DQ4_1,UNUSED,,1,,,,,,,,,
U26,,IOBS,IO_L43N_GCLK4_M1DQ5_1,UNUSED,,1,,,,,,,,,
V1,,IOBS,IO_L39N_M3LDQSN_3,UNUSED,,3,,,,,,,,,
V2,,,GND,,,,,,,,,,,,
V3,,IOBM,IO_L39P_M3LDQS_3,UNUSED,,3,,,,,,,,,
V4,,IOBM,IO_L42P_GCLK25_TRDY2_M3UDM_3,UNUSED,,3,,,,,,,,,
V5,,IOBS,IO_L24N_3,UNUSED,,3,,,,,,,,,
V6,,IOBS,IO_L17N_VREF_3,UNUSED,,3,,,,,,,,,
V7,,IOBM,IO_L17P_3,UNUSED,,3,,,,,,,,,
V8,,IOBS,IO_L19N_3,UNUSED,,3,,,,,,,,,
V9,,,VCCAUX,,,,,,,,2.5,,,,
V10,,IOBS,IO_L21N_3,UNUSED,,3,,,,,,,,,
V11,,IOBM,IO_L52P_2,UNUSED,,2,,,,,,,,,
V12,,IOBM,IO_L46P_2,UNUSED,,2,,,,,,,,,
V13,,IOBM,IO_L44P_2,UNUSED,,2,,,,,,,,,
V14,,IOBS,IO_L42N_2,UNUSED,,2,,,,,,,,,
V15,,IOBM,IO_L18P_2,UNUSED,,2,,,,,,,,,
V16,,IOBM,IO_L8P_2,UNUSED,,2,,,,,,,,,
V17,,IOBS,IO_L62N_1,UNUSED,,1,,,,,,,,,
V18,,IOBM,IO_L66P_1,UNUSED,,1,,,,,,,,,
V19,,IOBS,IO_L66N_1,UNUSED,,1,,,,,,,,,
V20,,IOBS,IO_L70N_1,UNUSED,,1,,,,,,,,,
V21,,,VCCO_1,,,1,,,,,any******,,,,
V22,,IOBM,IO_L71P_1,UNUSED,,1,,,,,,,,,
V23,,IOBM,IO_L42P_GCLK7_M1UDM_1,UNUSED,,1,,,,,,,,,
V24,,IOBM,IO_L45P_A1_M1LDQS_1,UNUSED,,1,,,,,,,,,
V25,,,GND,,,,,,,,,,,,
V26,,IOBS,IO_L45N_A0_M1LDQSN_1,UNUSED,,1,,,,,,,,,
W1,,IOBS,IO_L38N_M3DQ3_3,UNUSED,,3,,,,,,,,,
W2,,IOBM,IO_L38P_M3DQ2_3,UNUSED,,3,,,,,,,,,
W3,,IOBS,IO_L42N_GCLK24_M3LDM_3,UNUSED,,3,,,,,,,,,
W4,,,VCCO_3,,,3,,,,,any******,,,,
W5,,IOBM,IO_L22P_3,UNUSED,,3,,,,,,,,,
W6,,,VCCO_3,,,3,,,,,any******,,,,
W7,,IOBS,IO_L15N_3,UNUSED,,3,,,,,,,,,
W8,,IOBM,IO_L15P_3,UNUSED,,3,,,,,,,,,
W9,,IOBM,IO_L19P_3,UNUSED,,3,,,,,,,,,
W10,,IOBM,IO_L21P_3,UNUSED,,3,,,,,,,,,
W11,,IOBS,IO_L52N_2,UNUSED,,2,,,,,,,,,
W12,,IOBS,IO_L46N_2,UNUSED,,2,,,,,,,,,
W13,,IOBM,IO_L33P_2,UNUSED,,2,,,,,,,,,
W14,,IOBS,IO_L44N_2,UNUSED,,2,,,,,,,,,
W15,,,GND,,,,,,,,,,,,
W16,,IOBS,IO_L18N_2,UNUSED,,2,,,,,,,,,
W17,,IOBS,IO_L8N_2,UNUSED,,2,,,,,,,,,
W18,,IOBM,IO_L68P_1,UNUSED,,1,,,,,,,,,
W19,,IOBS,IO_L68N_1,UNUSED,,1,,,,,,,,,
W20,,,GND,,,,,,,,,,,,
W21,,,VBATT,,,,,,,,,,,,
W22,,IOBS,IO_L71N_1,UNUSED,,1,,,,,,,,,
W23,,,VCCO_1,,,1,,,,,any******,,,,
W24,,IOBS,IO_L42N_GCLK6_TRDY1_M1LDM_1,UNUSED,,1,,,,,,,,,
W25,,IOBM,IO_L44P_A3_M1DQ6_1,UNUSED,,1,,,,,,,,,
W26,,IOBS,IO_L44N_A2_M1DQ7_1,UNUSED,,1,,,,,,,,,
Y1,,IOBS,IO_L37N_M3DQ1_3,UNUSED,,3,,,,,,,,,
Y2,,,VCCO_3,,,3,,,,,any******,,,,
Y3,,IOBM,IO_L37P_M3DQ0_3,UNUSED,,3,,,,,,,,,
Y4,,,GND,,,,,,,,,,,,
Y5,,IOBS,IO_L22N_3,UNUSED,,3,,,,,,,,,
Y6,,IOBS,IO_L7N_3,UNUSED,,3,,,,,,,,,
Y7,,,GND,,,,,,,,,,,,
Y8,,IOBS,IO_L9N_3,UNUSED,,3,,,,,,,,,
Y9,,IOBM,IO_L9P_3,UNUSED,,3,,,,,,,,,
Y10,,IOBM,IO_L51P_2,UNUSED,,2,,,,,,,,,
Y11,,,GND,,,,,,,,,,,,
Y12,,,VCCO_2,,,2,,,,,3.30,,,,
Y13,,IOBS,IO_L33N_2,UNUSED,,2,,,,,,,,,
Y14,,IOBM,IO_L28P_2,UNUSED,,2,,,,,,,,,
Y15,,IOBM,IO_L20P_2,UNUSED,,2,,,,,,,,,
Y16,,IOBM,IO_L10P_2,UNUSED,,2,,,,,,,,,
Y17,,,VCCO_2,,,2,,,,,3.30,,,,
Y18,,IOBM,IO_L6P_2,UNUSED,,2,,,,,,,,,
Y19,,,VCCAUX,,,,,,,,2.5,,,,
Y20,,IOBM,IO_L72P_1,UNUSED,,1,,,,,,,,,
Y21,,IOBS,IO_L72N_1,UNUSED,,1,,,,,,,,,
Y22,,IOBM,IO_L73P_1,UNUSED,,1,,,,,,,,,
Y23,,,GND,,,,,,,,,,,,
Y24,,IOBM,IO_L47P_FWE_B_M1DQ0_1,UNUSED,,1,,,,,,,,,
Y25,,,VCCO_1,,,1,,,,,any******,,,,
Y26,,IOBS,IO_L47N_LDC_M1DQ1_1,UNUSED,,1,,,,,,,,,

# -----,-----,-----,-----,-----,-----,-----,-----,-----,-----,-----,-----,-----,-----,-----,
# 
#* Default value.
#** This default Pullup/Pulldown value can be overridden in Bitgen. 
#****** Special VCCO requirements may apply. Please consult the device 
#       family datasheet for specific guideline on VCCO requirements. 
#
#
#